date,temperature_mean_C,radiation_mean_Wm2
2020-01-01,0.0,11.0
2020-01-02,0.6,21.0
2020-01-03,4.9,40.0
2020-01-04,4.1,66.0
2020-01-05,1.0,76.0
2020-01-06,-1.3,35.0
2020-01-07,2.5,71.0
2020-01-08,1.1,43.0
2020-01-09,3.0,73.0
2020-01-10,6.4,51.0
2020-01-11,2.3,77.0
2020-01-12,0.2,83.0
2020-01-13,-0.6,55.0
2020-01-14,1.0,78.0
2020-01-15,3.6,84.0
2020-01-16,2.5,86.0
2020-01-17,0.8,14.0
2020-01-18,2.4,90.0
2020-01-19,1.2,91.0
2020-01-20,1.3,90.0
2020-01-21,-0.9,92.0
2020-01-22,-1.3,91.0
2020-01-23,-1.3,19.0
2020-01-24,-1.2,30.0
2020-01-25,0.6,34.0
2020-01-26,2.1,28.0
2020-01-27,5.4,33.0
2020-01-28,5.9,23.0
2020-01-29,4.9,29.0
2020-01-30,4.2,61.0
2020-01-31,8.3,59.0
2020-02-01,9.5,39.0
2020-02-02,11.0,17.0
2020-02-03,13.5,37.0
2020-02-04,5.5,88.0
2020-02-05,3.7,120.0
2020-02-06,1.2,116.0
2020-02-07,-0.5,123.0
2020-02-08,0.7,115.0
2020-02-09,5.4,103.0
2020-02-10,11.2,84.0
2020-02-11,7.0,60.0
2020-02-12,3.9,77.0
2020-02-13,3.1,36.0
2020-02-14,5.4,82.0
2020-02-15,3.4,135.0
2020-02-16,8.1,90.0
2020-02-17,9.0,15.0
2020-02-18,5.7,104.0
2020-02-19,4.6,57.0
2020-02-20,5.3,151.0
2020-02-21,5.9,151.0
2020-02-22,4.7,156.0
2020-02-23,11.8,111.0
2020-02-24,11.3,160.0
2020-02-25,7.9,36.0
2020-02-26,3.0,94.0
2020-02-27,3.1,33.0
2020-02-28,4.1,166.0
2020-02-29,7.6,81.0
2020-03-01,8.1,155.0
2020-03-02,3.8,21.0
2020-03-03,4.4,158.0
2020-03-04,5.1,156.0
2020-03-05,7.0,19.0
2020-03-06,5.7,89.0
2020-03-07,3.8,136.0
2020-03-08,3.8,169.0
2020-03-09,6.0,130.0
2020-03-10,4.9,36.0
2020-03-11,9.5,127.0
2020-03-12,11.0,60.0
2020-03-13,7.4,181.0
2020-03-14,5.0,179.0
2020-03-15,5.1,208.0
2020-03-16,7.3,205.0
2020-03-17,8.4,169.0
2020-03-18,8.8,211.0
2020-03-19,9.3,203.0
2020-03-20,8.7,134.0
2020-03-21,7.4,188.0
2020-03-22,4.6,52.0
2020-03-23,3.2,183.0
2020-03-24,3.0,249.0
2020-03-25,3.3,240.0
2020-03-26,3.5,223.0
2020-03-27,3.6,215.0
2020-03-28,7.2,223.0
2020-03-29,6.6,164.0
2020-03-30,2.9,91.0
2020-03-31,4.5,268.0
2020-04-01,3.7,259.0
2020-04-02,5.6,260.0
2020-04-03,5.9,261.0
2020-04-04,6.6,260.0
2020-04-05,8.0,269.0
2020-04-06,9.0,271.0
2020-04-07,10.4,271.0
2020-04-08,11.2,268.0
2020-04-09,11.4,266.0
2020-04-10,11.7,273.0
2020-04-11,11.8,275.0
2020-04-12,12.3,248.0
2020-04-13,12.9,250.0
2020-04-14,9.9,300.0
2020-04-15,8.7,290.0
2020-04-16,12.0,274.0
2020-04-17,13.0,255.0
2020-04-18,12.3,207.0
2020-04-19,13.3,165.0
2020-04-20,14.6,253.0
2020-04-21,11.5,151.0
2020-04-22,12.5,295.0
2020-04-23,13.2,298.0
2020-04-24,13.8,227.0
2020-04-25,14.0,110.0
2020-04-26,12.3,119.0
2020-04-27,13.5,248.0
2020-04-28,12.1,91.0
2020-04-29,11.4,166.0
2020-04-30,10.0,47.0
2020-05-01,10.5,93.0
2020-05-02,11.6,114.0
2020-05-03,11.8,189.0
2020-05-04,15.9,311.0
2020-05-05,13.6,93.0
2020-05-06,12.5,276.0
2020-05-07,13.0,326.0
2020-05-08,16.3,287.0
2020-05-09,17.7,310.0
2020-05-10,17.8,238.0
2020-05-11,12.9,73.0
2020-05-12,8.1,302.0
2020-05-13,9.9,87.0
2020-05-14,11.1,197.0
2020-05-15,11.4,86.0
2020-05-16,12.8,316.0
2020-05-17,13.9,342.0
2020-05-18,15.9,339.0
2020-05-19,18.1,331.0
2020-05-20,18.3,341.0
2020-05-21,18.5,347.0
2020-05-22,18.3,267.0
2020-05-23,14.2,78.0
2020-05-24,12.5,343.0
2020-05-25,15.2,351.0
2020-05-26,16.8,359.0
2020-05-27,16.2,361.0
2020-05-28,16.5,352.0
2020-05-29,16.6,364.0
2020-05-30,15.9,349.0
2020-05-31,16.5,354.0
2020-06-01,16.6,343.0
2020-06-02,18.0,355.0
2020-06-03,15.5,175.0
2020-06-04,14.2,82.0
2020-06-05,13.1,127.0
2020-06-06,16.2,106.0
2020-06-07,12.4,125.0
2020-06-08,13.8,300.0
2020-06-09,13.0,81.0
2020-06-10,14.2,144.0
2020-06-11,15.8,311.0
2020-06-12,17.6,251.0
2020-06-13,15.0,176.0
2020-06-14,14.9,117.0
2020-06-15,16.5,210.0
2020-06-16,17.4,342.0
2020-06-17,14.6,155.0
2020-06-18,15.2,289.0
2020-06-19,14.3,174.0
2020-06-20,15.7,260.0
2020-06-21,18.2,303.0
2020-06-22,20.1,355.0
2020-06-23,21.1,358.0
2020-06-24,21.4,344.0
2020-06-25,21.3,317.0
2020-06-26,21.1,261.0
2020-06-27,22.2,282.0
2020-06-28,20.6,183.0
2020-06-29,19.0,317.0
2020-06-30,20.6,355.0
2020-07-01,21.3,293.0
2020-07-02,20.3,280.0
2020-07-03,17.7,194.0
2020-07-04,19.0,347.0
2020-07-05,22.0,323.0
2020-07-06,19.5,259.0
2020-07-07,16.9,358.0
2020-07-08,18.8,353.0
2020-07-09,21.3,327.0
2020-07-10,21.8,270.0
2020-07-11,18.6,312.0
2020-07-12,18.0,355.0
2020-07-13,18.4,334.0
2020-07-14,19.5,275.0
2020-07-15,17.6,112.0
2020-07-16,17.7,171.0
2020-07-17,17.7,168.0
2020-07-18,18.0,343.0
2020-07-19,18.5,338.0
2020-07-20,20.7,334.0
2020-07-21,21.3,236.0
2020-07-22,21.7,211.0
2020-07-23,21.7,290.0
2020-07-24,18.6,144.0
2020-07-25,20.1,319.0
2020-07-26,22.2,266.0
2020-07-27,22.6,323.0
2020-07-28,25.6,252.0
2020-07-29,22.7,316.0
2020-07-30,22.1,278.0
2020-07-31,25.4,315.0
2020-08-01,23.9,226.0
2020-08-02,19.4,137.0
2020-08-03,15.8,65.0
2020-08-04,15.1,149.0
2020-08-05,16.3,321.0
2020-08-06,18.2,317.0
2020-08-07,20.3,305.0
2020-08-08,21.6,300.0
2020-08-09,21.8,297.0
2020-08-10,20.8,157.0
2020-08-11,22.3,255.0
2020-08-12,23.2,249.0
2020-08-13,21.1,144.0
2020-08-14,19.8,164.0
2020-08-15,20.4,290.0
2020-08-16,20.5,210.0
2020-08-17,19.6,156.0
2020-08-18,17.9,181.0
2020-08-19,18.7,210.0
2020-08-20,22.3,284.0
2020-08-21,23.1,259.0
2020-08-22,21.7,160.0
2020-08-23,19.0,275.0
2020-08-24,17.4,279.0
2020-08-25,17.9,196.0
2020-08-26,22.3,249.0
2020-08-27,18.6,257.0
2020-08-28,17.1,54.0
2020-08-29,14.1,43.0
2020-08-30,12.9,71.0
2020-08-31,14.8,210.0
2020-09-01,14.9,269.0
2020-09-02,14.7,230.0
2020-09-03,15.8,244.0
2020-09-04,17.7,254.0
2020-09-05,19.7,205.0
2020-09-06,16.1,100.0
2020-09-07,15.9,224.0
2020-09-08,14.9,251.0
2020-09-09,16.9,240.0
2020-09-10,17.5,229.0
2020-09-11,17.3,221.0
2020-09-12,17.9,231.0
2020-09-13,17.8,226.0
2020-09-14,19.1,221.0
2020-09-15,20.1,220.0
2020-09-16,18.5,169.0
2020-09-17,20.4,217.0
2020-09-18,20.3,212.0
2020-09-19,17.7,123.0
2020-09-20,18.6,162.0
2020-09-21,17.8,172.0
2020-09-22,17.4,149.0
2020-09-23,17.0,141.0
2020-09-24,16.6,122.0
2020-09-25,9.5,79.0
2020-09-26,8.3,100.0
2020-09-27,7.6,53.0
2020-09-28,10.0,78.0
2020-09-29,12.0,118.0
2020-09-30,10.8,73.0
2020-10-01,11.6,31.0
2020-10-02,12.3,47.0
2020-10-03,9.8,101.0
2020-10-04,11.1,106.0
2020-10-05,10.0,58.0
2020-10-06,12.2,48.0
2020-10-07,11.4,97.0
2020-10-08,10.7,172.0
2020-10-09,11.9,131.0
2020-10-10,10.7,67.0
2020-10-11,7.1,104.0
2020-10-12,5.4,124.0
2020-10-13,6.0,105.0
2020-10-14,8.5,149.0
2020-10-15,7.8,50.0
2020-10-16,9.4,114.0
2020-10-17,9.0,77.0
2020-10-18,8.5,97.0
2020-10-19,5.7,147.0
2020-10-20,8.2,101.0
2020-10-21,10.1,75.0
2020-10-22,10.9,62.0
2020-10-23,12.1,6.0
2020-10-24,11.1,129.0
2020-10-25,10.6,100.0
2020-10-26,7.1,28.0
2020-10-27,7.8,92.0
2020-10-28,11.0,75.0
2020-10-29,11.5,48.0
2020-10-30,10.0,126.0
2020-10-31,7.6,54.0
2020-11-01,10.6,42.0
2020-11-02,15.0,72.0
2020-11-03,11.7,14.0
2020-11-04,8.1,32.0
2020-11-05,8.5,30.0
2020-11-06,7.7,57.0
2020-11-07,7.2,33.0
2020-11-08,8.6,57.0
2020-11-09,8.3,38.0
2020-11-10,7.2,41.0
2020-11-11,8.0,43.0
2020-11-12,8.3,95.0
2020-11-13,6.6,70.0
2020-11-14,5.0,47.0
2020-11-15,6.7,47.0
2020-11-16,9.4,40.0
2020-11-17,4.5,87.0
2020-11-18,3.8,85.0
2020-11-19,7.4,47.0
2020-11-20,5.2,55.0
2020-11-21,1.4,68.0
2020-11-22,0.5,91.0
2020-11-23,0.9,58.0
2020-11-24,1.5,23.0
2020-11-25,3.6,27.0
2020-11-26,3.4,31.0
2020-11-27,3.8,19.0
2020-11-28,2.0,12.0
2020-11-29,1.9,6.0
2020-11-30,1.3,13.0
2020-12-01,2.0,32.0
2020-12-02,2.5,19.0
2020-12-03,1.1,59.0
2020-12-04,1.4,5.0
2020-12-05,-0.1,32.0
2020-12-06,1.6,58.0
2020-12-07,2.1,61.0
2020-12-08,2.0,26.0
2020-12-09,1.4,51.0
2020-12-10,-0.8,42.0
2020-12-11,0.0,17.0
2020-12-12,4.6,18.0
2020-12-13,4.3,67.0
2020-12-14,1.5,55.0
2020-12-15,4.0,10.0
2020-12-16,5.8,27.0
2020-12-17,6.1,30.0
2020-12-18,5.8,33.0
2020-12-19,3.9,24.0
2020-12-20,5.7,15.0
2020-12-21,6.8,11.0
2020-12-22,8.8,49.0
2020-12-23,8.9,33.0
2020-12-24,7.2,15.0
2020-12-25,2.6,43.0
2020-12-26,-0.1,74.0
2020-12-27,-0.2,35.0
2020-12-28,2.7,21.0
2020-12-29,3.4,46.0
2020-12-30,2.1,37.0
2020-12-31,0.9,31.0
2021-01-01,1.6,33.0
2021-01-02,1.9,8.0
2021-01-03,0.4,12.0
2021-01-04,0.2,7.0
2021-01-05,0.2,10.0
2021-01-06,0.1,21.0
2021-01-07,0.4,59.0
2021-01-08,0.4,81.0
2021-01-09,-0.2,70.0
2021-01-10,-0.8,63.0
2021-01-11,-3.2,47.0
2021-01-12,-0.8,15.0
2021-01-13,3.2,25.0
2021-01-14,4.7,13.0
2021-01-15,2.2,22.0
2021-01-16,-1.3,35.0
2021-01-17,1.1,27.0
2021-01-18,0.6,59.0
2021-01-19,-0.4,95.0
2021-01-20,1.1,55.0
2021-01-21,8.2,48.0
2021-01-22,6.4,42.0
2021-01-23,2.8,56.0
2021-01-24,2.0,100.0
2021-01-25,1.1,56.0
2021-01-26,-0.6,76.0
2021-01-27,0.8,32.0
2021-01-28,7.6,21.0
2021-01-29,8.9,50.0
2021-01-30,5.7,16.0
2021-01-31,6.0,59.0
2021-02-01,6.8,29.0
2021-02-02,8.8,29.0
2021-02-03,9.8,31.0
2021-02-04,5.6,54.0
2021-02-05,4.9,44.0
2021-02-06,4.1,27.0
2021-02-07,5.4,35.0
2021-02-08,4.6,65.0
2021-02-09,3.1,95.0
2021-02-10,2.5,53.0
2021-02-11,-2.3,103.0
2021-02-12,-4.3,21.0
2021-02-13,-5.1,36.0
2021-02-14,-3.4,117.0
2021-02-15,0.9,86.0
2021-02-16,4.6,112.0
2021-02-17,7.2,141.0
2021-02-18,3.0,80.0
2021-02-19,8.4,131.0
2021-02-20,4.8,149.0
2021-02-21,4.4,156.0
2021-02-22,3.0,58.0
2021-02-23,5.1,141.0
2021-02-24,5.8,148.0
2021-02-25,6.2,160.0
2021-02-26,6.7,124.0
2021-02-27,6.8,76.0
2021-02-28,3.9,140.0
2021-03-01,2.2,152.0
2021-03-02,4.0,161.0
2021-03-03,4.6,68.0
2021-03-04,8.1,135.0
2021-03-05,6.5,89.0
2021-03-06,3.5,87.0
2021-03-07,4.4,103.0
2021-03-08,5.8,163.0
2021-03-09,2.6,159.0
2021-03-10,3.7,191.0
2021-03-11,11.0,43.0
2021-03-12,8.0,163.0
2021-03-13,7.4,98.0
2021-03-14,4.2,73.0
2021-03-15,3.6,47.0
2021-03-16,4.1,123.0
2021-03-17,3.6,107.0
2021-03-18,2.2,195.0
2021-03-19,2.3,228.0
2021-03-20,2.1,236.0
2021-03-21,3.4,183.0
2021-03-22,4.5,203.0
2021-03-23,4.7,235.0
2021-03-24,5.1,237.0
2021-03-25,7.1,206.0
2021-03-26,8.9,197.0
2021-03-27,7.6,248.0
2021-03-28,5.8,245.0
2021-03-29,8.1,243.0
2021-03-30,9.7,246.0
2021-03-31,11.4,245.0
2021-04-01,12.3,239.0
2021-04-02,12.1,240.0
2021-04-03,7.6,265.0
2021-04-04,7.4,268.0
2021-04-05,7.1,218.0
2021-04-06,1.7,202.0
2021-04-07,0.9,226.0
2021-04-08,2.9,282.0
2021-04-09,8.2,213.0
2021-04-10,9.9,158.0
2021-04-11,9.8,173.0
2021-04-12,4.1,158.0
2021-04-13,3.6,296.0
2021-04-14,4.7,295.0
2021-04-15,5.1,299.0
2021-04-16,5.7,294.0
2021-04-17,6.3,292.0
2021-04-18,6.3,203.0
2021-04-19,6.3,266.0
2021-04-20,7.4,292.0
2021-04-21,7.8,221.0
2021-04-22,9.6,300.0
2021-04-23,10.4,317.0
2021-04-24,11.0,286.0
2021-04-25,12.7,299.0
2021-04-26,12.5,215.0
2021-04-27,12.8,302.0
2021-04-28,13.0,170.0
2021-04-29,11.5,124.0
2021-04-30,9.3,39.0
2021-05-01,7.9,65.0
2021-05-02,7.3,198.0
2021-05-03,8.1,312.0
2021-05-04,11.6,187.0
2021-05-05,10.3,288.0
2021-05-06,8.9,46.0
2021-05-07,9.9,169.0
2021-05-08,11.6,303.0
2021-05-09,15.4,279.0
2021-05-10,12.9,30.0
2021-05-11,11.0,87.0
2021-05-12,11.3,303.0
2021-05-13,9.3,163.0
2021-05-14,9.2,224.0
2021-05-15,9.1,81.0
2021-05-16,10.1,88.0
2021-05-17,10.0,157.0
2021-05-18,11.1,208.0
2021-05-19,8.6,136.0
2021-05-20,11.2,317.0
2021-05-21,10.3,49.0
2021-05-22,11.9,248.0
2021-05-23,12.0,298.0
2021-05-24,11.5,163.0
2021-05-25,10.8,212.0
2021-05-26,14.4,274.0
2021-05-27,13.7,253.0
2021-05-28,13.0,358.0
2021-05-29,14.7,292.0
2021-05-30,15.2,365.0
2021-05-31,14.8,354.0
2021-06-01,16.8,332.0
2021-06-02,16.3,127.0
2021-06-03,19.0,279.0
2021-06-04,18.8,282.0
2021-06-05,15.9,133.0
2021-06-06,17.1,313.0
2021-06-07,17.8,243.0
2021-06-08,17.8,227.0
2021-06-09,17.7,248.0
2021-06-10,18.3,340.0
2021-06-11,19.2,353.0
2021-06-12,20.0,327.0
2021-06-13,19.9,352.0
2021-06-14,20.0,356.0
2021-06-15,20.5,356.0
2021-06-16,21.6,345.0
2021-06-17,22.5,326.0
2021-06-18,21.3,252.0
2021-06-19,23.3,291.0
2021-06-20,19.8,175.0
2021-06-21,18.8,285.0
2021-06-22,17.6,234.0
2021-06-23,17.9,288.0
2021-06-24,15.9,198.0
2021-06-25,16.1,228.0
2021-06-26,16.9,352.0
2021-06-27,19.4,240.0
2021-06-28,19.1,215.0
2021-06-29,16.6,108.0
2021-06-30,14.9,106.0
2021-07-01,17.7,295.0
2021-07-02,18.0,336.0
2021-07-03,16.9,106.0
2021-07-04,17.3,120.0
2021-07-05,19.4,171.0
2021-07-06,16.1,45.0
2021-07-07,18.6,297.0
2021-07-08,17.0,143.0
2021-07-09,17.1,313.0
2021-07-10,17.4,302.0
2021-07-11,17.8,320.0
2021-07-12,18.6,206.0
2021-07-13,14.8,110.0
2021-07-14,15.2,109.0
2021-07-15,15.4,68.0
2021-07-16,17.1,252.0
2021-07-17,19.2,291.0
2021-07-18,22.0,328.0
2021-07-19,22.1,339.0
2021-07-20,20.9,332.0
2021-07-21,20.2,314.0
2021-07-22,21.2,299.0
2021-07-23,21.6,302.0
2021-07-24,20.0,93.0
2021-07-25,19.3,223.0
2021-07-26,19.0,164.0
2021-07-27,19.3,218.0
2021-07-28,19.0,176.0
2021-07-29,20.5,296.0
2021-07-30,20.1,206.0
2021-07-31,19.0,154.0
2021-08-01,14.4,88.0
2021-08-02,15.4,232.0
2021-08-03,14.7,103.0
2021-08-04,14.4,48.0
2021-08-05,16.6,159.0
2021-08-06,19.4,243.0
2021-08-07,15.2,40.0
2021-08-08,16.9,247.0
2021-08-09,15.1,148.0
2021-08-10,19.4,301.0
2021-08-11,21.1,294.0
2021-08-12,22.0,278.0
2021-08-13,22.4,269.0
2021-08-14,23.6,273.0
2021-08-15,24.6,243.0
2021-08-16,19.6,226.0
2021-08-17,17.4,244.0
2021-08-18,17.5,245.0
2021-08-19,18.7,217.0
2021-08-20,19.3,267.0
2021-08-21,20.5,269.0
2021-08-22,19.7,144.0
2021-08-23,18.0,283.0
2021-08-24,18.0,264.0
2021-08-25,16.3,195.0
2021-08-26,16.5,263.0
2021-08-27,14.9,240.0
2021-08-28,14.5,218.0
2021-08-29,14.7,213.0
2021-08-30,15.3,262.0
2021-08-31,16.9,258.0
2021-09-01,16.9,259.0
2021-09-02,16.7,257.0
2021-09-03,17.7,191.0
2021-09-04,17.9,209.0
2021-09-05,17.8,218.0
2021-09-06,17.8,232.0
2021-09-07,17.6,222.0
2021-09-08,18.6,234.0
2021-09-09,17.3,69.0
2021-09-10,17.0,66.0
2021-09-11,17.1,180.0
2021-09-12,16.5,230.0
2021-09-13,17.7,223.0
2021-09-14,18.2,136.0
2021-09-15,19.0,75.0
2021-09-16,17.8,101.0
2021-09-17,16.1,222.0
2021-09-18,15.1,211.0
2021-09-19,12.9,41.0
2021-09-20,13.0,76.0
2021-09-21,13.6,204.0
2021-09-22,13.3,188.0
2021-09-23,14.9,178.0
2021-09-24,14.6,198.0
2021-09-25,15.4,133.0
2021-09-26,16.2,116.0
2021-09-27,15.3,144.0
2021-09-28,15.2,159.0
2021-09-29,15.0,144.0
2021-09-30,10.8,189.0
2021-10-01,11.4,180.0
2021-10-02,16.3,165.0
2021-10-03,15.6,46.0
2021-10-04,11.1,35.0
2021-10-05,12.3,87.0
2021-10-06,10.9,129.0
2021-10-07,11.6,193.0
2021-10-08,12.0,84.0
2021-10-09,9.8,86.0
2021-10-10,7.9,98.0
2021-10-11,6.9,166.0
2021-10-12,8.6,152.0
2021-10-13,8.8,143.0
2021-10-14,6.4,169.0
2021-10-15,6.9,145.0
2021-10-16,6.9,154.0
2021-10-17,6.9,142.0
2021-10-18,7.5,124.0
2021-10-19,9.7,118.0
2021-10-20,13.7,77.0
2021-10-21,13.4,125.0
2021-10-22,9.0,125.0
2021-10-23,4.9,146.0
2021-10-24,4.7,140.0
2021-10-25,6.3,112.0
2021-10-26,8.9,75.0
2021-10-27,5.6,101.0
2021-10-28,5.5,69.0
2021-10-29,5.6,73.0
2021-10-30,8.2,23.0
2021-10-31,10.9,85.0
2021-11-01,9.9,41.0
2021-11-02,7.2,60.0
2021-11-03,6.8,31.0
2021-11-04,5.8,56.0
2021-11-05,5.1,96.0
2021-11-06,5.0,90.0
2021-11-07,3.3,79.0
2021-11-08,6.8,71.0
2021-11-09,3.5,52.0
2021-11-10,2.0,49.0
2021-11-11,3.8,56.0
2021-11-12,5.2,35.0
2021-11-13,7.0,37.0
2021-11-14,7.9,47.0
2021-11-15,7.2,17.0
2021-11-16,6.8,20.0
2021-11-17,6.2,19.0
2021-11-18,4.2,87.0
2021-11-19,2.3,22.0
2021-11-20,2.8,17.0
2021-11-21,4.0,17.0
2021-11-22,5.5,36.0
2021-11-23,4.7,14.0
2021-11-24,4.1,25.0
2021-11-25,3.5,12.0
2021-11-26,3.4,40.0
2021-11-27,2.7,58.0
2021-11-28,1.4,21.0
2021-11-29,1.5,44.0
2021-11-30,0.9,34.0
2021-12-01,4.7,21.0
2021-12-02,2.8,24.0
2021-12-03,0.2,74.0
2021-12-04,5.2,8.0
2021-12-05,2.0,36.0
2021-12-06,1.2,40.0
2021-12-07,2.8,43.0
2021-12-08,3.1,9.0
2021-12-09,1.7,49.0
2021-12-10,0.9,16.0
2021-12-11,0.9,25.0
2021-12-12,-0.3,30.0
2021-12-13,-0.1,21.0
2021-12-14,-0.5,22.0
2021-12-15,0.3,13.0
2021-12-16,2.4,7.0
2021-12-17,3.1,12.0
2021-12-18,1.8,65.0
2021-12-19,-0.9,12.0
2021-12-20,-0.1,9.0
2021-12-21,0.3,20.0
2021-12-22,-0.2,18.0
2021-12-23,1.6,39.0
2021-12-24,3.6,36.0
2021-12-25,3.3,40.0
2021-12-26,5.6,17.0
2021-12-27,6.2,10.0
2021-12-28,8.4,16.0
2021-12-29,8.3,10.0
2021-12-30,9.7,52.0
2021-12-31,7.0,51.0
2022-01-01,1.8,33.0
2022-01-02,4.8,33.0
2022-01-03,10.6,41.0
2022-01-04,11.4,24.0
2022-01-05,2.9,69.0
2022-01-06,1.2,74.0
2022-01-07,0.4,26.0
2022-01-08,2.5,31.0
2022-01-09,2.9,48.0
2022-01-10,1.8,89.0
2022-01-11,2.3,47.0
2022-01-12,0.8,82.0
2022-01-13,-0.9,72.0
2022-01-14,-2.2,83.0
2022-01-15,-2.8,28.0
2022-01-16,-0.3,63.0
2022-01-17,0.3,54.0
2022-01-18,3.4,71.0
2022-01-19,2.8,74.0
2022-01-20,2.9,62.0
2022-01-21,1.1,100.0
2022-01-22,1.3,93.0
2022-01-23,0.3,21.0
2022-01-24,1.6,72.0
2022-01-25,-0.4,29.0
2022-01-26,-1.3,31.0
2022-01-27,-0.6,61.0
2022-01-28,0.2,84.0
2022-01-29,1.6,107.0
2022-01-30,3.3,107.0
2022-01-31,3.1,26.0
2022-02-01,2.6,34.0
2022-02-02,4.5,27.0
2022-02-03,1.8,36.0
2022-02-04,5.5,91.0
2022-02-05,4.1,125.0
2022-02-06,3.3,50.0
2022-02-07,3.9,126.0
2022-02-08,0.1,127.0
2022-02-09,1.3,131.0
2022-02-10,5.4,122.0
2022-02-11,5.2,132.0
2022-02-12,0.9,125.0
2022-02-13,0.7,135.0
2022-02-14,1.7,20.0
2022-02-15,4.5,93.0
2022-02-16,5.7,23.0
2022-02-17,10.4,57.0
2022-02-18,9.6,78.0
2022-02-19,6.1,148.0
2022-02-20,7.4,89.0
2022-02-21,6.2,66.0
2022-02-22,6.6,105.0
2022-02-23,5.9,113.0
2022-02-24,5.3,72.0
2022-02-25,3.9,166.0
2022-02-26,3.2,171.0
2022-02-27,1.4,178.0
2022-02-28,1.2,173.0
2022-03-01,2.1,174.0
2022-03-02,2.6,158.0
2022-03-03,5.0,172.0
2022-03-04,2.8,185.0
2022-03-05,0.7,191.0
2022-03-06,1.1,188.0
2022-03-07,1.5,191.0
2022-03-08,0.2,187.0
2022-03-09,1.7,193.0
2022-03-10,2.6,198.0
2022-03-11,4.2,160.0
2022-03-12,8.0,156.0
2022-03-13,8.5,103.0
2022-03-14,6.9,197.0
2022-03-15,7.7,75.0
2022-03-16,6.7,100.0
2022-03-17,9.0,145.0
2022-03-18,9.4,103.0
2022-03-19,7.5,193.0
2022-03-20,6.9,176.0
2022-03-21,7.1,215.0
2022-03-22,6.2,225.0
2022-03-23,6.2,231.0
2022-03-24,6.9,238.0
2022-03-25,7.8,237.0
2022-03-26,9.3,243.0
2022-03-27,8.5,238.0
2022-03-28,8.4,238.0
2022-03-29,10.6,151.0
2022-03-30,9.7,101.0
2022-03-31,7.8,88.0
2022-04-01,2.1,59.0
2022-04-02,1.8,121.0
2022-04-03,1.7,151.0
2022-04-04,4.2,250.0
2022-04-05,8.9,158.0
2022-04-06,10.5,158.0
2022-04-07,9.4,43.0
2022-04-08,11.0,62.0
2022-04-09,5.4,189.0
2022-04-10,4.8,287.0
2022-04-11,7.1,251.0
2022-04-12,11.0,237.0
2022-04-13,14.2,253.0
2022-04-14,14.6,267.0
2022-04-15,14.0,265.0
2022-04-16,12.6,300.0
2022-04-17,10.7,311.0
2022-04-18,9.5,302.0
2022-04-19,10.4,277.0
2022-04-20,11.3,260.0
2022-04-21,11.2,277.0
2022-04-22,11.3,254.0
2022-04-23,10.8,99.0
2022-04-24,9.4,84.0
2022-04-25,10.2,55.0
2022-04-26,10.5,205.0
2022-04-27,9.9,318.0
2022-04-28,11.7,320.0
2022-04-29,12.6,249.0
2022-04-30,11.9,258.0
2022-05-01,10.4,314.0
2022-05-02,12.0,300.0
2022-05-03,13.1,303.0
2022-05-04,12.8,211.0
2022-05-05,11.0,71.0
2022-05-06,12.7,135.0
2022-05-07,13.8,311.0
2022-05-08,14.2,252.0
2022-05-09,15.7,307.0
2022-05-10,16.5,293.0
2022-05-11,18.7,328.0
2022-05-12,19.5,271.0
2022-05-13,18.5,212.0
2022-05-14,18.2,325.0
2022-05-15,18.2,301.0
2022-05-16,17.6,236.0
2022-05-17,18.5,313.0
2022-05-18,19.7,335.0
2022-05-19,20.1,271.0
2022-05-20,22.1,302.0
2022-05-21,22.9,308.0
2022-05-22,19.4,245.0
2022-05-23,19.3,190.0
2022-05-24,15.1,133.0
2022-05-25,16.0,350.0
2022-05-26,15.6,343.0
2022-05-27,17.2,351.0
2022-05-28,15.5,344.0
2022-05-29,13.4,339.0
2022-05-30,14.6,335.0
2022-05-31,14.0,122.0
2022-06-01,14.9,154.0
2022-06-02,18.4,287.0
2022-06-03,18.8,202.0
2022-06-04,20.2,283.0
2022-06-05,20.2,197.0
2022-06-06,19.0,273.0
2022-06-07,17.1,250.0
2022-06-08,14.0,166.0
2022-06-09,13.3,141.0
2022-06-10,14.8,368.0
2022-06-11,17.4,364.0
2022-06-12,20.8,335.0
2022-06-13,20.7,320.0
2022-06-14,18.1,363.0
2022-06-15,22.7,327.0
2022-06-16,23.5,288.0
2022-06-17,21.5,336.0
2022-06-18,23.1,349.0
2022-06-19,25.8,340.0
2022-06-20,25.6,334.0
2022-06-21,23.6,258.0
2022-06-22,20.0,181.0
2022-06-23,20.0,282.0
2022-06-24,17.1,102.0
2022-06-25,19.0,335.0
2022-06-26,20.8,268.0
2022-06-27,18.6,100.0
2022-06-28,18.1,217.0
2022-06-29,20.8,355.0
2022-06-30,19.8,291.0
2022-07-01,16.6,290.0
2022-07-02,18.7,362.0
2022-07-03,21.6,321.0
2022-07-04,20.9,247.0
2022-07-05,20.4,354.0
2022-07-06,19.2,339.0
2022-07-07,18.3,335.0
2022-07-08,19.4,360.0
2022-07-09,20.2,353.0
2022-07-10,20.3,345.0
2022-07-11,20.1,352.0
2022-07-12,21.0,352.0
2022-07-13,22.6,343.0
2022-07-14,26.1,344.0
2022-07-15,22.7,334.0
2022-07-16,20.8,336.0
2022-07-17,22.0,335.0
2022-07-18,22.9,344.0
2022-07-19,24.7,321.0
2022-07-20,24.2,230.0
2022-07-21,23.1,327.0
2022-07-22,23.7,318.0
2022-07-23,22.4,199.0
2022-07-24,23.2,328.0
2022-07-25,25.0,282.0
2022-07-26,21.7,278.0
2022-07-27,20.3,334.0
2022-07-28,21.8,297.0
2022-07-29,20.0,139.0
2022-07-30,20.4,253.0
2022-07-31,21.9,269.0
2022-08-01,22.9,286.0
2022-08-02,22.6,316.0
2022-08-03,24.6,313.0
2022-08-04,26.0,239.0
2022-08-05,24.8,194.0
2022-08-06,21.1,281.0
2022-08-07,20.4,219.0
2022-08-08,21.1,317.0
2022-08-09,22.5,317.0
2022-08-10,22.5,307.0
2022-08-11,22.3,302.0
2022-08-12,22.2,305.0
2022-08-13,20.3,318.0
2022-08-14,18.0,111.0
2022-08-15,18.3,149.0
2022-08-16,20.9,292.0
2022-08-17,20.1,209.0
2022-08-18,19.4,160.0
2022-08-19,18.1,71.0
2022-08-20,18.8,193.0
2022-08-21,19.1,269.0
2022-08-22,19.6,280.0
2022-08-23,19.3,279.0
2022-08-24,19.2,243.0
2022-08-25,21.4,260.0
2022-08-26,20.8,192.0
2022-08-27,20.7,234.0
2022-08-28,19.4,232.0
2022-08-29,20.4,255.0
2022-08-30,19.0,146.0
2022-08-31,19.3,246.0
2022-09-01,17.7,256.0
2022-09-02,16.5,151.0
2022-09-03,17.4,108.0
2022-09-04,19.3,247.0
2022-09-05,20.0,245.0
2022-09-06,18.5,146.0
2022-09-07,18.2,115.0
2022-09-08,18.1,194.0
2022-09-09,16.6,152.0
2022-09-10,16.2,128.0
2022-09-11,14.8,246.0
2022-09-12,15.9,236.0
2022-09-13,18.3,170.0
2022-09-14,20.1,134.0
2022-09-15,17.0,98.0
2022-09-16,15.2,125.0
2022-09-17,10.7,183.0
2022-09-18,11.3,233.0
2022-09-19,11.0,229.0
2022-09-20,10.2,225.0
2022-09-21,10.6,227.0
2022-09-22,10.1,216.0
2022-09-23,12.4,167.0
2022-09-24,13.7,79.0
2022-09-25,12.2,84.0
2022-09-26,12.3,92.0
2022-09-27,10.6,80.0
2022-09-28,11.2,31.0
2022-09-29,9.9,55.0
2022-09-30,9.3,125.0
2022-10-01,10.9,34.0
2022-10-02,16.3,146.0
2022-10-03,13.8,119.0
2022-10-04,13.9,184.0
2022-10-05,12.5,184.0
2022-10-06,13.0,170.0
2022-10-07,13.7,132.0
2022-10-08,13.2,62.0
2022-10-09,12.7,104.0
2022-10-10,13.8,138.0
2022-10-11,13.6,127.0
2022-10-12,13.7,125.0
2022-10-13,13.9,63.0
2022-10-14,14.3,43.0
2022-10-15,15.7,107.0
2022-10-16,14.5,142.0
2022-10-17,13.6,145.0
2022-10-18,14.3,129.0
2022-10-19,12.0,47.0
2022-10-20,14.3,54.0
2022-10-21,15.0,48.0
2022-10-22,14.5,132.0
2022-10-23,12.3,47.0
2022-10-24,12.5,16.0
2022-10-25,12.0,87.0
2022-10-26,13.6,118.0
2022-10-27,12.2,89.0
2022-10-28,13.6,112.0
2022-10-29,12.1,93.0
2022-10-30,11.3,116.0
2022-10-31,11.4,81.0
2022-11-01,12.3,80.0
2022-11-02,11.3,100.0
2022-11-03,8.1,29.0
2022-11-04,7.4,32.0
2022-11-05,6.7,76.0
2022-11-06,6.1,58.0
2022-11-07,8.7,110.0
2022-11-08,7.9,87.0
2022-11-09,10.1,10.0
2022-11-10,8.8,105.0
2022-11-11,8.0,94.0
2022-11-12,8.0,25.0
2022-11-13,7.1,24.0
2022-11-14,9.5,37.0
2022-11-15,9.1,24.0
2022-11-16,9.5,90.0
2022-11-17,11.7,55.0
2022-11-18,8.1,45.0
2022-11-19,6.1,69.0
2022-11-20,5.4,74.0
2022-11-21,6.4,60.0
2022-11-22,5.8,61.0
2022-11-23,4.3,57.0
2022-11-24,6.9,61.0
2022-11-25,5.7,36.0
2022-11-26,2.7,81.0
2022-11-27,3.5,40.0
2022-11-28,5.0,16.0
2022-11-29,5.3,37.0
2022-11-30,6.3,43.0
2022-12-01,4.1,41.0
2022-12-02,3.9,32.0
2022-12-03,2.2,12.0
2022-12-04,3.1,18.0
2022-12-05,1.6,44.0
2022-12-06,1.5,44.0
2022-12-07,2.2,36.0
2022-12-08,1.8,58.0
2022-12-09,0.5,30.0
2022-12-10,0.9,24.0
2022-12-11,-1.9,78.0
2022-12-12,-2.7,40.0
2022-12-13,-2.7,15.0
2022-12-14,2.1,20.0
2022-12-15,4.0,9.0
2022-12-16,2.2,11.0
2022-12-17,-0.7,20.0
2022-12-18,0.0,38.0
2022-12-19,1.2,55.0
2022-12-20,3.0,47.0
2022-12-21,8.3,21.0
2022-12-22,10.1,20.0
2022-12-23,11.3,10.0
2022-12-24,9.9,22.0
2022-12-25,7.3,18.0
2022-12-26,8.6,7.0
2022-12-27,6.4,60.0
2022-12-28,3.9,63.0
2022-12-29,8.5,30.0
2022-12-30,8.0,18.0
2022-12-31,8.7,47.0
2023-01-01,8.7,61.0
2023-01-02,8.0,41.0
2023-01-03,6.7,23.0
2023-01-04,6.7,39.0
2023-01-05,7.9,40.0
2023-01-06,6.1,27.0
2023-01-07,6.3,77.0
2023-01-08,6.7,8.0
2023-01-09,5.2,28.0
2023-01-10,4.7,74.0
2023-01-11,5.2,16.0
2023-01-12,6.1,38.0
2023-01-13,7.2,43.0
2023-01-14,6.7,33.0
2023-01-15,5.5,19.0
2023-01-16,2.7,30.0
2023-01-17,1.0,18.0
2023-01-18,0.4,36.0
2023-01-19,-4.0,89.0
2023-01-20,-3.4,48.0
2023-01-21,-1.7,97.0
2023-01-22,-0.4,26.0
2023-01-23,0.0,42.0
2023-01-24,1.4,20.0
2023-01-25,0.9,13.0
2023-01-26,0.3,26.0
2023-01-27,0.0,20.0
2023-01-28,0.8,36.0
2023-01-29,-0.3,33.0
2023-01-30,-1.6,104.0
2023-01-31,0.2,102.0
2023-02-01,3.1,65.0
2023-02-02,3.7,69.0
2023-02-03,3.2,115.0
2023-02-04,4.6,89.0
2023-02-05,2.1,46.0
2023-02-06,2.9,36.0
2023-02-07,0.2,126.0
2023-02-08,-1.4,93.0
2023-02-09,-2.7,122.0
2023-02-10,-2.2,123.0
2023-02-11,-1.1,125.0
2023-02-12,-0.3,127.0
2023-02-13,-0.8,91.0
2023-02-14,-1.8,82.0
2023-02-15,0.3,120.0
2023-02-16,3.4,134.0
2023-02-17,8.1,72.0
2023-02-18,8.9,142.0
2023-02-19,7.2,146.0
2023-02-20,3.8,145.0
2023-02-21,4.1,142.0
2023-02-22,5.3,84.0
2023-02-23,7.2,116.0
2023-02-24,8.1,131.0
2023-02-25,6.8,145.0
2023-02-26,1.0,135.0
2023-02-27,0.5,107.0
2023-02-28,0.7,115.0
2023-03-01,1.0,27.0
2023-03-02,1.9,123.0
2023-03-03,0.6,90.0
2023-03-04,5.0,164.0
2023-03-05,1.1,146.0
2023-03-06,2.1,163.0
2023-03-07,3.6,137.0
2023-03-08,6.9,29.0
2023-03-09,11.9,148.0
2023-03-10,8.2,100.0
2023-03-11,4.0,60.0
2023-03-12,8.6,129.0
2023-03-13,12.8,167.0
2023-03-14,6.9,68.0
2023-03-15,4.4,205.0
2023-03-16,3.8,194.0
2023-03-17,6.5,157.0
2023-03-18,8.8,186.0
2023-03-19,8.6,50.0
2023-03-20,8.2,210.0
2023-03-21,8.0,182.0
2023-03-22,10.7,223.0
2023-03-23,13.1,61.0
2023-03-24,10.7,44.0
2023-03-25,8.8,126.0
2023-03-26,8.5,82.0
2023-03-27,5.2,140.0
2023-03-28,4.3,226.0
2023-03-29,10.6,135.0
2023-03-30,12.4,86.0
2023-03-31,11.6,143.0
2023-04-01,8.0,130.0
2023-04-02,6.7,82.0
2023-04-03,5.9,235.0
2023-04-04,4.3,277.0
2023-04-05,4.0,270.0
2023-04-06,5.9,215.0
2023-04-07,7.0,145.0
2023-04-08,6.9,214.0
2023-04-09,7.2,279.0
2023-04-10,9.0,203.0
2023-04-11,11.2,111.0
2023-04-12,9.9,56.0
2023-04-13,6.1,190.0
2023-04-14,6.8,269.0
2023-04-15,7.7,63.0
2023-04-16,8.1,109.0
2023-04-17,9.4,181.0
2023-04-18,11.0,281.0
2023-04-19,10.9,225.0
2023-04-20,6.5,83.0
2023-04-21,6.7,109.0
2023-04-22,8.6,109.0
2023-04-23,11.9,177.0
2023-04-24,10.2,174.0
2023-04-25,8.5,175.0
2023-04-26,9.1,243.0
2023-04-27,12.2,286.0
2023-04-28,16.7,105.0
2023-04-29,15.2,203.0
2023-04-30,13.0,177.0
2023-05-01,11.7,126.0
2023-05-02,12.0,299.0
2023-05-03,13.4,325.0
2023-05-04,14.7,311.0
2023-05-05,17.6,246.0
2023-05-06,15.9,230.0
2023-05-07,14.2,112.0
2023-05-08,15.2,176.0
2023-05-09,13.8,147.0
2023-05-10,12.6,242.0
2023-05-11,11.4,193.0
2023-05-12,12.5,273.0
2023-05-13,13.3,209.0
2023-05-14,13.5,245.0
2023-05-15,13.0,193.0
2023-05-16,11.9,105.0
2023-05-17,11.6,315.0
2023-05-18,12.0,254.0
2023-05-19,13.7,251.0
2023-05-20,13.7,211.0
2023-05-21,16.3,286.0
2023-05-22,18.4,329.0
2023-05-23,18.1,298.0
2023-05-24,14.7,198.0
2023-05-25,14.5,318.0
2023-05-26,16.7,335.0
2023-05-27,18.5,328.0
2023-05-28,18.0,340.0
2023-05-29,18.7,354.0
2023-05-30,18.5,332.0
2023-05-31,18.3,298.0
2023-06-01,18.1,335.0
2023-06-02,19.0,345.0
2023-06-03,17.2,291.0
2023-06-04,16.6,204.0
2023-06-05,17.3,353.0
2023-06-06,18.5,351.0
2023-06-07,18.7,332.0
2023-06-08,18.3,295.0
2023-06-09,18.4,244.0
2023-06-10,18.9,215.0
2023-06-11,20.1,277.0
2023-06-12,20.0,347.0
2023-06-13,19.8,354.0
2023-06-14,18.7,378.0
2023-06-15,19.0,330.0
2023-06-16,18.4,313.0
2023-06-17,19.4,345.0
2023-06-18,20.4,265.0
2023-06-19,23.1,270.0
2023-06-20,23.2,289.0
2023-06-21,21.8,191.0
2023-06-22,18.8,140.0
2023-06-23,19.7,337.0
2023-06-24,19.9,360.0
2023-06-25,22.1,353.0
2023-06-26,23.1,322.0
2023-06-27,19.0,323.0
2023-06-28,18.7,337.0
2023-06-29,21.0,279.0
2023-06-30,17.6,87.0
2023-07-01,18.3,187.0
2023-07-02,19.7,208.0
2023-07-03,20.6,280.0
2023-07-04,21.0,249.0
2023-07-05,19.3,182.0
2023-07-06,18.9,297.0
2023-07-07,21.3,334.0
2023-07-08,21.8,283.0
2023-07-09,23.1,289.0
2023-07-10,25.1,302.0
2023-07-11,25.8,312.0
2023-07-12,22.3,170.0
2023-07-13,20.3,313.0
2023-07-14,20.4,346.0
2023-07-15,23.9,295.0
2023-07-16,22.0,269.0
2023-07-17,23.5,306.0
2023-07-18,22.6,244.0
2023-07-19,25.2,332.0
2023-07-20,21.5,318.0
2023-07-21,19.1,203.0
2023-07-22,19.5,238.0
2023-07-23,22.1,275.0
2023-07-24,21.2,131.0
2023-07-25,17.2,153.0
2023-07-26,15.5,174.0
2023-07-27,18.8,302.0
2023-07-28,23.3,236.0
2023-07-29,20.0,143.0
2023-07-30,19.2,303.0
2023-07-31,19.7,302.0
2023-08-01,20.0,99.0
2023-08-02,22.6,252.0
2023-08-03,19.5,177.0
2023-08-04,16.6,143.0
2023-08-05,17.5,258.0
2023-08-06,14.9,183.0
2023-08-07,14.8,273.0
2023-08-08,16.9,231.0
2023-08-09,19.9,251.0
2023-08-10,19.8,256.0
2023-08-11,22.4,300.0
2023-08-12,23.1,188.0
2023-08-13,22.2,212.0
2023-08-14,23.1,218.0
2023-08-15,24.0,240.0
2023-08-16,23.6,277.0
2023-08-17,22.1,234.0
2023-08-18,23.3,287.0
2023-08-19,24.5,261.0
2023-08-20,25.5,248.0
2023-08-21,26.4,264.0
2023-08-22,26.9,265.0
2023-08-23,27.0,264.0
2023-08-24,26.8,225.0
2023-08-25,23.9,124.0
2023-08-26,19.6,49.0
2023-08-27,16.5,70.0
2023-08-28,13.8,53.0
2023-08-29,13.4,102.0
2023-08-30,15.9,216.0
2023-08-31,18.0,168.0
2023-09-01,19.4,256.0
2023-09-02,18.9,254.0
2023-09-03,20.6,242.0
2023-09-04,21.2,246.0
2023-09-05,20.9,251.0
2023-09-06,20.8,250.0
2023-09-07,21.8,242.0
2023-09-08,22.3,240.0
2023-09-09,22.0,241.0
2023-09-10,21.9,239.0
2023-09-11,21.5,234.0
2023-09-12,22.1,205.0
2023-09-13,17.9,38.0
2023-09-14,18.6,205.0
2023-09-15,19.0,208.0
2023-09-16,18.5,96.0
2023-09-17,19.5,183.0
2023-09-18,17.7,56.0
2023-09-19,17.6,179.0
2023-09-20,17.0,219.0
2023-09-21,17.7,126.0
2023-09-22,14.6,194.0
2023-09-23,13.1,169.0
2023-09-24,12.2,216.0
2023-09-25,12.2,216.0
2023-09-26,13.4,209.0
2023-09-27,14.2,189.0
2023-09-28,15.4,179.0
2023-09-29,17.9,186.0
2023-09-30,17.9,169.0
2023-10-01,14.6,180.0
2023-10-02,15.4,185.0
2023-10-03,16.3,163.0
2023-10-04,13.5,167.0
2023-10-05,12.7,176.0
2023-10-06,12.7,181.0
2023-10-07,12.3,176.0
2023-10-08,14.1,168.0
2023-10-09,15.0,166.0
2023-10-10,15.0,163.0
2023-10-11,14.3,167.0
2023-10-12,14.4,140.0
2023-10-13,16.7,162.0
2023-10-14,16.4,84.0
2023-10-15,10.9,134.0
2023-10-16,8.0,147.0
2023-10-17,7.7,133.0
2023-10-18,11.3,59.0
2023-10-19,13.3,34.0
2023-10-20,14.7,54.0
2023-10-21,12.7,120.0
2023-10-22,11.3,127.0
2023-10-23,10.6,53.0
2023-10-24,11.4,24.0
2023-10-25,11.1,42.0
2023-10-26,12.9,28.0
2023-10-27,11.7,86.0
2023-10-28,11.9,123.0
2023-10-29,12.3,69.0
2023-10-30,9.7,29.0
2023-10-31,9.4,34.0
2023-11-01,6.7,61.0
2023-11-02,8.5,13.0
2023-11-03,6.7,60.0
2023-11-04,7.5,16.0
2023-11-05,9.7,62.0
2023-11-06,8.7,57.0
2023-11-07,6.3,46.0
2023-11-08,4.4,112.0
2023-11-09,6.4,20.0
2023-11-10,7.8,84.0
2023-11-11,5.7,62.0
2023-11-12,7.3,21.0
2023-11-13,12.7,15.0
2023-11-14,12.8,10.0
2023-11-15,9.2,58.0
2023-11-16,7.8,31.0
2023-11-17,7.5,77.0
2023-11-18,4.7,34.0
2023-11-19,10.0,22.0
2023-11-20,10.3,34.0
2023-11-21,8.1,55.0
2023-11-22,6.4,72.0
2023-11-23,3.3,71.0
2023-11-24,4.4,49.0
2023-11-25,3.2,52.0
2023-11-26,1.8,85.0
2023-11-27,2.9,20.0
2023-11-28,3.7,71.0
2023-11-29,0.3,80.0
2023-11-30,1.2,8.0
2023-12-01,2.6,7.0
2023-12-02,1.0,41.0
2023-12-03,-2.2,79.0
2023-12-04,-1.0,16.0
2023-12-05,3.8,48.0
2023-12-06,3.4,52.0
2023-12-07,1.4,47.0
2023-12-08,3.6,11.0
2023-12-09,6.6,14.0
2023-12-10,8.5,56.0
2023-12-11,10.3,20.0
2023-12-12,10.7,10.0
2023-12-13,7.5,28.0
2023-12-14,6.0,23.0
2023-12-15,3.2,74.0
2023-12-16,1.5,36.0
2023-12-17,1.4,17.0
2023-12-18,0.3,22.0
2023-12-19,1.9,34.0
2023-12-20,5.0,67.0
2023-12-21,6.8,14.0
2023-12-22,7.8,15.0
2023-12-23,6.7,68.0
2023-12-24,6.1,49.0
2023-12-25,7.1,72.0
2023-12-26,4.3,65.0
2023-12-27,1.1,75.0
2023-12-28,4.9,36.0
2023-12-29,8.5,30.0
2023-12-30,5.5,62.0
2023-12-31,4.2,11.0
2024-01-01,5.2,58.0
2024-01-02,7.2,14.0
2024-01-03,10.1,55.0
2024-01-04,6.4,52.0
2024-01-05,3.8,11.0
2024-01-06,4.6,42.0
2024-01-07,3.4,30.0
2024-01-08,-1.6,33.0
2024-01-09,-1.7,22.0
2024-01-10,-1.1,44.0
2024-01-11,-0.8,25.0
2024-01-12,-1.5,36.0
2024-01-13,-2.6,36.0
2024-01-14,-1.1,36.0
2024-01-15,2.3,49.0
2024-01-16,-0.1,71.0
2024-01-17,5.1,10.0
2024-01-18,6.9,22.0
2024-01-19,-0.2,99.0
2024-01-20,-2.7,97.0
2024-01-21,-2.4,77.0
2024-01-22,3.5,25.0
2024-01-23,7.4,41.0
2024-01-24,10.1,23.0
2024-01-25,10.8,90.0
2024-01-26,7.9,29.0
2024-01-27,4.6,72.0
2024-01-28,4.2,86.0
2024-01-29,2.5,79.0
2024-01-30,2.4,62.0
2024-01-31,1.6,66.0
2024-02-01,4.7,27.0
2024-02-02,3.2,59.0
2024-02-03,3.7,107.0
2024-02-04,4.4,114.0
2024-02-05,4.2,107.0
2024-02-06,5.6,108.0
2024-02-07,6.3,64.0
2024-02-08,8.7,55.0
2024-02-09,9.3,33.0
2024-02-10,7.9,39.0
2024-02-11,6.4,79.0
2024-02-12,6.6,82.0
2024-02-13,5.0,134.0
2024-02-14,6.1,67.0
2024-02-15,5.0,82.0
2024-02-16,8.7,96.0
2024-02-17,9.3,72.0
2024-02-18,10.2,85.0
2024-02-19,9.3,54.0
2024-02-20,7.1,129.0
2024-02-21,5.7,83.0
2024-02-22,8.8,19.0
2024-02-23,5.4,110.0
2024-02-24,4.4,139.0
2024-02-25,5.0,131.0
2024-02-26,6.1,103.0
2024-02-27,6.6,55.0
2024-02-28,8.2,70.0
2024-02-29,7.5,138.0
2024-03-01,6.6,86.0
2024-03-02,4.3,118.0
2024-03-03,7.1,106.0
2024-03-04,7.5,93.0
2024-03-05,6.7,79.0
2024-03-06,5.7,86.0
2024-03-07,5.1,174.0
2024-03-08,3.4,75.0
2024-03-09,4.7,111.0
2024-03-10,6.5,33.0
2024-03-11,4.7,101.0
2024-03-12,6.9,50.0
2024-03-13,8.9,136.0
2024-03-14,7.5,153.0
2024-03-15,10.9,93.0
2024-03-16,10.8,83.0
2024-03-17,7.8,85.0
2024-03-18,10.6,78.0
2024-03-19,7.2,142.0
2024-03-20,8.6,205.0
2024-03-21,12.4,174.0
2024-03-22,11.4,210.0
2024-03-23,8.7,179.0
2024-03-24,5.7,142.0
2024-03-25,5.9,207.0
2024-03-26,9.9,192.0
2024-03-27,5.0,51.0
2024-03-28,6.8,165.0
2024-03-29,9.1,130.0
2024-03-30,9.7,45.0
2024-03-31,10.2,125.0
2024-04-01,8.7,130.0
2024-04-02,8.2,189.0
2024-04-03,8.9,93.0
2024-04-04,12.8,141.0
2024-04-05,13.3,178.0
2024-04-06,13.3,240.0
2024-04-07,14.1,212.0
2024-04-08,15.6,167.0
2024-04-09,9.0,52.0
2024-04-10,7.0,241.0
2024-04-11,8.9,257.0
2024-04-12,11.4,264.0
2024-04-13,14.4,279.0
2024-04-14,17.4,275.0
2024-04-15,16.4,159.0
2024-04-16,7.7,224.0
2024-04-17,5.9,133.0
2024-04-18,4.8,186.0
2024-04-19,5.4,73.0
2024-04-20,6.6,257.0
2024-04-21,3.4,197.0
2024-04-22,3.1,90.0
2024-04-23,5.2,157.0
2024-04-24,4.7,174.0
2024-04-25,6.2,178.0
2024-04-26,8.4,163.0
2024-04-27,10.2,271.0
2024-04-28,9.5,44.0
2024-04-29,12.0,245.0
2024-04-30,12.8,216.0
2024-05-01,12.4,106.0
2024-05-02,10.9,88.0
2024-05-03,10.0,205.0
2024-05-04,11.0,229.0
2024-05-05,15.0,193.0
2024-05-06,12.1,74.0
2024-05-07,10.3,67.0
2024-05-08,12.7,265.0
2024-05-09,12.9,306.0
2024-05-10,13.9,319.0
2024-05-11,15.8,324.0
2024-05-12,17.5,295.0
2024-05-13,16.1,252.0
2024-05-14,14.6,153.0
2024-05-15,13.2,139.0
2024-05-16,11.9,129.0
2024-05-17,13.3,267.0
2024-05-18,12.8,248.0
2024-05-19,13.4,258.0
2024-05-20,15.8,294.0
2024-05-21,15.0,227.0
2024-05-22,14.5,210.0
2024-05-23,12.7,140.0
2024-05-24,12.5,203.0
2024-05-25,14.1,310.0
2024-05-26,15.3,214.0
2024-05-27,15.1,112.0
2024-05-28,15.0,333.0
2024-05-29,15.3,147.0
2024-05-30,15.1,211.0
2024-05-31,12.1,133.0
2024-06-01,14.5,273.0
2024-06-02,14.8,173.0
2024-06-03,16.4,275.0
2024-06-04,17.8,321.0
2024-06-05,18.9,272.0
2024-06-06,18.2,226.0
2024-06-07,20.1,259.0
2024-06-08,20.1,205.0
2024-06-09,17.9,163.0
2024-06-10,17.2,336.0
2024-06-11,13.2,150.0
2024-06-12,13.1,370.0
2024-06-13,15.2,355.0
2024-06-14,15.5,96.0
2024-06-15,16.4,252.0
2024-06-16,17.7,248.0
2024-06-17,18.9,221.0
2024-06-18,20.2,343.0
2024-06-19,22.4,319.0
2024-06-20,19.5,107.0
2024-06-21,18.2,159.0
2024-06-22,14.9,95.0
2024-06-23,15.7,174.0
2024-06-24,20.1,352.0
2024-06-25,19.7,310.0
2024-06-26,18.1,145.0
2024-06-27,22.1,318.0
2024-06-28,22.4,189.0
2024-06-29,21.1,171.0
2024-06-30,19.3,144.0
2024-07-01,18.7,252.0
2024-07-02,16.4,236.0
2024-07-03,15.4,117.0
2024-07-04,18.6,257.0
2024-07-05,20.2,336.0
2024-07-06,16.9,86.0
2024-07-07,16.3,242.0
2024-07-08,18.6,346.0
2024-07-09,21.8,336.0
2024-07-10,21.8,177.0
2024-07-11,21.7,272.0
2024-07-12,19.0,114.0
2024-07-13,17.9,339.0
2024-07-14,18.5,265.0
2024-07-15,20.6,216.0
2024-07-16,20.6,305.0
2024-07-17,19.5,346.0
2024-07-18,21.1,337.0
2024-07-19,22.4,269.0
2024-07-20,23.4,325.0
2024-07-21,22.0,230.0
2024-07-22,21.0,192.0
2024-07-23,21.9,310.0
2024-07-24,21.0,288.0
2024-07-25,20.7,338.0
2024-07-26,22.3,333.0
2024-07-27,23.8,278.0
2024-07-28,23.6,287.0
2024-07-29,22.6,322.0
2024-07-30,24.2,298.0
2024-07-31,22.9,150.0
2024-08-01,22.3,179.0
2024-08-02,23.8,281.0
2024-08-03,22.7,317.0
2024-08-04,20.8,277.0
2024-08-05,21.7,314.0
2024-08-06,23.2,315.0
2024-08-07,21.2,209.0
2024-08-08,22.5,281.0
2024-08-09,22.7,299.0
2024-08-10,23.3,308.0
2024-08-11,24.7,294.0
2024-08-12,25.7,262.0
2024-08-13,24.4,272.0
2024-08-14,21.3,203.0
2024-08-15,22.5,269.0
2024-08-16,24.1,281.0
2024-08-17,22.8,195.0
2024-08-18,18.1,89.0
2024-08-19,19.5,286.0
2024-08-20,20.9,256.0
2024-08-21,19.9,260.0
2024-08-22,18.5,289.0
2024-08-23,20.6,287.0
2024-08-24,22.6,277.0
2024-08-25,16.9,107.0
2024-08-26,16.8,240.0
2024-08-27,18.7,281.0
2024-08-28,20.6,251.0
2024-08-29,22.1,249.0
2024-08-30,23.1,248.0
2024-08-31,23.3,237.0
2024-09-01,22.0,190.0
2024-09-02,20.9,226.0
2024-09-03,21.2,246.0
2024-09-04,19.4,118.0
2024-09-05,17.4,55.0
2024-09-06,16.4,214.0
2024-09-07,19.6,239.0
2024-09-08,17.8,64.0
2024-09-09,15.7,78.0
2024-09-10,15.9,212.0
2024-09-11,12.2,44.0
2024-09-12,10.2,162.0
2024-09-13,9.5,126.0
2024-09-14,10.7,222.0
2024-09-15,12.0,253.0
2024-09-16,12.4,199.0
2024-09-17,14.4,174.0
2024-09-18,13.4,196.0
2024-09-19,12.2,147.0
2024-09-20,13.6,196.0
2024-09-21,15.0,215.0
2024-09-22,15.4,104.0
2024-09-23,14.4,58.0
2024-09-24,14.4,131.0
2024-09-25,15.4,124.0
2024-09-26,15.0,22.0
2024-09-27,13.7,69.0
2024-09-28,10.2,87.0
2024-09-29,9.1,169.0
2024-09-30,15.4,153.0
2024-10-01,13.9,25.0
2024-10-02,12.7,157.0
2024-10-03,11.4,131.0
2024-10-04,10.9,86.0
2024-10-05,9.5,138.0
2024-10-06,9.6,62.0
2024-10-07,14.4,97.0
2024-10-08,13.5,31.0
2024-10-09,14.3,98.0
2024-10-10,13.6,92.0
2024-10-11,10.7,144.0
2024-10-12,9.5,34.0
2024-10-13,13.7,95.0
2024-10-14,12.7,89.0
2024-10-15,12.6,72.0
2024-10-16,14.0,63.0
2024-10-17,14.1,77.0
2024-10-18,12.6,44.0
2024-10-19,12.0,65.0
2024-10-20,12.7,125.0
2024-10-21,10.9,101.0
2024-10-22,14.5,80.0
2024-10-23,13.5,74.0
2024-10-24,13.1,61.0
2024-10-25,12.5,74.0
2024-10-26,11.2,38.0
2024-10-27,11.5,86.0
2024-10-28,10.0,99.0
2024-10-29,9.5,82.0
2024-10-30,9.0,37.0
2024-10-31,9.8,36.0
2024-11-01,9.2,62.0
2024-11-02,8.8,26.0
2024-11-03,9.7,69.0
2024-11-04,8.5,34.0
2024-11-05,8.1,45.0
2024-11-06,8.4,36.0
2024-11-07,10.0,47.0
2024-11-08,10.1,94.0
2024-11-09,9.1,42.0
2024-11-10,7.7,20.0
2024-11-11,7.6,64.0
2024-11-12,6.5,41.0
2024-11-13,5.7,46.0
2024-11-14,5.0,102.0
2024-11-15,3.2,87.0
2024-11-16,2.9,73.0
2024-11-17,6.5,59.0
2024-11-18,7.9,69.0
2024-11-19,7.9,19.0
2024-11-20,4.5,90.0
2024-11-21,1.5,20.0
2024-11-22,1.0,47.0
2024-11-23,0.4,48.0
2024-11-24,5.2,73.0
2024-11-25,10.8,89.0
2024-11-26,7.7,70.0
2024-11-27,5.2,52.0
2024-11-28,8.0,17.0
2024-11-29,2.7,50.0
2024-11-30,2.7,40.0
2024-12-01,2.3,50.0
2024-12-02,5.7,28.0
2024-12-03,5.5,31.0
2024-12-04,3.2,71.0
2024-12-05,1.6,55.0
2024-12-06,6.5,63.0
2024-12-07,4.5,13.0
2024-12-08,4.0,38.0
2024-12-09,4.1,21.0
2024-12-10,3.0,28.0
2024-12-11,2.7,26.0
2024-12-12,2.0,37.0
2024-12-13,0.9,21.0
2024-12-14,2.8,21.0
2024-12-15,2.7,75.0
2024-12-16,0.8,76.0
2024-12-17,0.2,33.0
2024-12-18,4.4,31.0
2024-12-19,5.6,25.0
2024-12-20,1.7,55.0
2024-12-21,2.3,48.0
2024-12-22,4.4,23.0
2024-12-23,2.4,23.0
2024-12-24,1.8,76.0
2024-12-25,1.6,55.0
2024-12-26,-0.1,31.0
2024-12-27,-1.1,20.0
2024-12-28,-1.2,19.0
2024-12-29,-0.9,22.0
2024-12-30,-1.8,25.0
2024-12-31,-0.8,21.0
2025-01-01,1.0,61.0
2025-01-02,5.6,26.0
2025-01-03,0.2,86.0
2025-01-04,-1.6,38.0
2025-01-05,6.7,68.0
2025-01-06,7.5,14.0
2025-01-07,5.9,59.0
2025-01-08,9.3,19.0
2025-01-09,7.7,34.0
2025-01-10,1.5,22.0
2025-01-11,1.3,95.0
2025-01-12,0.1,95.0
2025-01-13,-0.9,97.0
2025-01-14,-2.9,43.0
2025-01-15,-0.4,87.0
2025-01-16,2.3,25.0
2025-01-17,1.2,45.0
2025-01-18,0.0,30.0
2025-01-19,-0.5,33.0
2025-01-20,-0.2,30.0
2025-01-21,0.1,25.0
2025-01-22,1.1,21.0
2025-01-23,5.5,71.0
2025-01-24,4.3,83.0
2025-01-25,8.6,76.0
2025-01-26,7.2,97.0
2025-01-27,7.3,12.0
2025-01-28,5.9,82.0
2025-01-29,5.3,110.0
2025-01-30,4.6,34.0
2025-01-31,4.9,35.0
2025-02-01,3.5,52.0
2025-02-02,2.5,75.0
2025-02-03,1.4,23.0
2025-02-04,0.6,86.0
2025-02-05,0.0,61.0
2025-02-06,1.2,21.0
2025-02-07,0.7,60.0
2025-02-08,0.9,53.0
2025-02-09,2.8,99.0
2025-02-10,3.8,26.0
2025-02-11,6.0,23.0
2025-02-12,7.0,48.0
2025-02-13,6.6,20.0
2025-02-14,1.5,149.0
2025-02-15,-0.3,141.0
2025-02-16,0.0,146.0
2025-02-17,1.3,47.0
2025-02-18,1.6,49.0
2025-02-19,2.0,81.0
2025-02-20,4.4,108.0
2025-02-21,3.8,87.0
2025-02-22,4.4,43.0
2025-02-23,7.8,80.0
2025-02-24,7.7,49.0
2025-02-25,7.9,76.0
2025-02-26,4.5,106.0
2025-02-27,4.7,103.0
2025-02-28,2.8,160.0
2025-03-01,4.0,77.0
2025-03-02,2.6,147.0
2025-03-03,1.0,152.0
2025-03-04,3.3,194.0
2025-03-05,4.1,195.0
2025-03-06,5.0,189.0
2025-03-07,5.4,193.0
2025-03-08,5.2,184.0
2025-03-09,7.2,173.0
2025-03-10,9.4,160.0
2025-03-11,8.6,155.0
2025-03-12,7.4,66.0
2025-03-13,6.4,163.0
2025-03-14,4.4,142.0
2025-03-15,5.1,53.0
2025-03-16,4.3,96.0
2025-03-17,5.2,106.0
2025-03-18,3.8,202.0
2025-03-19,6.1,217.0
2025-03-20,9.3,210.0
2025-03-21,9.0,153.0
2025-03-22,11.2,126.0
2025-03-23,11.1,198.0
2025-03-24,9.6,172.0
2025-03-25,8.6,207.0
2025-03-26,9.4,141.0
2025-03-27,9.0,226.0
2025-03-28,9.1,183.0
2025-03-29,9.3,103.0
2025-03-30,9.3,242.0
2025-03-31,9.4,263.0
2025-04-01,7.9,208.0
2025-04-02,8.3,239.0
2025-04-03,9.4,257.0
2025-04-04,10.3,261.0
2025-04-05,11.1,267.0
2025-04-06,10.0,280.0
2025-04-07,7.0,284.0
2025-04-08,7.3,282.0
2025-04-09,8.7,275.0
2025-04-10,10.8,284.0
2025-04-11,10.4,288.0
2025-04-12,10.9,158.0
2025-04-13,11.9,84.0
2025-04-14,13.6,224.0
2025-04-15,13.9,186.0
2025-04-16,9.8,59.0
2025-04-17,7.6,95.0
2025-04-18,9.5,296.0
2025-04-19,10.2,294.0
2025-04-20,9.5,171.0
2025-04-21,10.7,193.0
2025-04-22,11.4,272.0
2025-04-23,10.4,113.0
2025-04-24,10.0,121.0
2025-04-25,10.5,165.0
2025-04-26,12.0,272.0
2025-04-27,13.4,247.0
2025-04-28,13.3,297.0
2025-04-29,14.8,315.0
2025-04-30,15.3,321.0
2025-05-01,16.4,323.0
2025-05-02,18.1,304.0
2025-05-03,16.9,217.0
2025-05-04,13.4,65.0
2025-05-05,9.2,115.0
2025-05-06,9.2,96.0
2025-05-07,9.3,62.0
2025-05-08,11.4,294.0
2025-05-09,11.5,268.0
2025-05-10,12.3,335.0
2025-05-11,15.0,323.0
2025-05-12,12.0,72.0
2025-05-13,12.8,312.0
2025-05-14,14.2,326.0
2025-05-15,15.0,343.0
2025-05-16,13.3,358.0
2025-05-17,12.5,303.0
2025-05-18,14.0,338.0
2025-05-19,14.5,287.0
2025-05-20,14.7,110.0
2025-05-21,15.4,182.0
2025-05-22,11.0,105.0
2025-05-23,10.5,225.0
2025-05-24,12.1,326.0
2025-05-25,15.6,185.0
2025-05-26,15.6,243.0
2025-05-27,15.3,232.0
2025-05-28,15.2,110.0
2025-05-29,17.0,345.0
2025-05-30,18.0,360.0
2025-05-31,20.0,293.0
2025-06-01,19.9,248.0
2025-06-02,17.3,90.0
2025-06-03,18.8,202.0
2025-06-04,16.8,134.0
2025-06-05,17.3,145.0
2025-06-06,18.6,123.0
2025-06-07,17.3,132.0
2025-06-08,16.4,275.0
2025-06-09,15.0,352.0
2025-06-10,17.9,323.0
2025-06-11,18.5,350.0
2025-06-12,20.6,343.0
2025-06-13,24.6,344.0
2025-06-14,24.2,337.0
2025-06-15,21.4,263.0
2025-06-16,19.1,344.0
2025-06-17,20.0,371.0
2025-06-18,20.3,366.0
2025-06-19,21.6,361.0
2025-06-20,22.7,359.0
2025-06-21,20.3,283.0
2025-06-22,22.6,356.0
2025-06-23,24.7,276.0
2025-06-24,22.5,364.0
2025-06-25,23.1,355.0
2025-06-26,22.9,272.0
2025-06-27,21.9,321.0
2025-06-28,23.7,357.0
2025-06-29,25.1,360.0
2025-06-30,23.4,289.0
2025-07-01,23.7,297.0
2025-07-02,23.8,324.0
2025-07-03,24.8,287.0
2025-07-04,23.6,352.0
2025-07-05,22.3,358.0
2025-07-06,18.4,101.0
2025-07-07,16.0,131.0
2025-07-08,13.5,167.0
2025-07-09,15.1,366.0
2025-07-10,17.6,362.0
2025-07-11,19.3,355.0
2025-07-12,20.7,350.0
2025-07-13,19.8,232.0
2025-07-14,22.0,278.0
2025-07-15,21.3,284.0
2025-07-16,20.3,232.0
2025-07-17,20.9,351.0
2025-07-18,20.7,309.0
2025-07-19,19.3,174.0
2025-07-20,20.6,233.0
2025-07-21,19.0,224.0
2025-07-22,18.8,338.0
2025-07-23,18.4,260.0
2025-07-24,18.6,207.0
2025-07-25,16.7,255.0
2025-07-26,18.0,189.0
2025-07-27,18.1,163.0
2025-07-28,15.5,120.0
2025-07-29,16.2,237.0
2025-07-30,16.9,203.0
2025-07-31,19.6,236.0
2025-08-01,20.0,230.0
2025-08-02,17.0,233.0
2025-08-03,15.7,241.0
2025-08-04,18.1,301.0
2025-08-05,19.9,269.0
2025-08-06,17.3,253.0
2025-08-07,20.1,319.0
2025-08-08,22.1,312.0
2025-08-09,24.0,305.0
2025-08-10,24.0,308.0
2025-08-11,24.0,302.0
2025-08-12,24.4,295.0
2025-08-13,25.0,289.0
2025-08-14,26.1,293.0
2025-08-15,23.9,251.0
2025-08-16,23.8,259.0
2025-08-17,22.3,295.0
2025-08-18,21.1,294.0
2025-08-19,19.3,149.0
2025-08-20,17.6,89.0
2025-08-21,17.7,119.0
2025-08-22,18.0,261.0
2025-08-23,16.9,250.0
2025-08-24,16.2,285.0
2025-08-25,17.7,274.0
2025-08-26,19.4,251.0
2025-08-27,20.4,168.0
2025-08-28,17.8,105.0
2025-08-29,16.0,222.0
2025-08-30,15.2,166.0
2025-08-31,17.6,268.0
2025-09-01,15.9,87.0
2025-09-02,15.8,190.0
2025-09-03,18.8,237.0
2025-09-04,17.1,130.0
2025-09-05,15.8,183.0
2025-09-06,14.4,250.0
2025-09-07,16.1,251.0
2025-09-08,17.2,65.0
2025-09-09,17.4,166.0
2025-09-10,15.6,140.0
2025-09-11,16.4,136.0
2025-09-12,15.1,158.0
2025-09-13,13.6,120.0
2025-09-14,17.4,161.0
2025-09-15,20.3,205.0
2025-09-16,15.2,198.0
2025-09-17,14.6,225.0
2025-09-18,15.9,233.0
2025-09-19,16.9,228.0
2025-09-20,19.0,220.0
2025-09-21,17.5,103.0
2025-09-22,13.6,59.0
2025-09-23,12.0,61.0
2025-09-24,11.2,88.0
2025-09-25,11.5,134.0
2025-09-26,10.6,50.0
2025-09-27,11.3,191.0
2025-09-28,11.0,150.0
2025-09-29,11.4,159.0
2025-09-30,11.2,174.0
2025-10-01,11.7,171.0
2025-10-02,8.9,209.0
2025-10-03,9.2,103.0
2025-10-04,13.6,61.0
2025-10-05,9.7,132.0
2025-10-06,10.2,183.0
2025-10-07,11.4,170.0
2025-10-08,10.3,103.0
2025-10-09,13.2,88.0
2025-10-10,13.2,152.0
2025-10-11,11.9,57.0
2025-10-12,11.6,54.0
2025-10-13,11.5,72.0
2025-10-14,10.7,67.0
2025-10-15,9.2,65.0
2025-10-16,9.7,100.0
2025-10-17,8.8,93.0
2025-10-18,7.5,114.0
2025-10-19,6.9,92.0
2025-10-20,11.0,36.0
2025-10-21,13.8,69.0
2025-10-22,15.1,72.0
2025-10-23,11.9,44.0
2025-10-24,8.7,99.0
2025-10-25,9.5,26.0
2025-10-26,7.7,89.0
2025-10-27,7.7,30.0
2025-10-28,9.6,122.0
2025-10-29,6.8,72.0
2025-10-30,11.9,131.0
2025-10-31,11.0,64.0
2025-11-01,11.3,43.0
2025-11-02,10.0,28.0
2025-11-03,7.7,116.0
2025-11-04,5.1,122.0
2025-11-05,4.3,89.0
2025-11-06,4.7,78.0
2025-11-07,6.1,78.0
2025-11-08,5.9,27.0
2025-11-09,7.5,85.0
2025-11-10,7.3,79.0
2025-11-11,6.0,99.0
2025-11-12,4.8,95.0
2025-11-13,6.8,98.0
2025-11-14,7.1,73.0
2025-11-15,9.7,40.0
2025-11-16,8.4,9.0
2025-11-17,6.9,40.0
2025-11-18,2.1,113.0
2025-11-19,0.7,85.0
2025-11-20,2.0,65.0
2025-11-21,0.7,28.0
2025-11-22,-0.5,107.0
2025-11-23,-0.1,53.0
2025-11-24,7.5,9.0
2025-11-25,4.3,38.0
2025-11-26,3.5,45.0
2025-11-27,1.9,96.0
2025-11-28,1.4,60.0
2025-11-29,3.6,86.0
2025-11-30,4.0,34.0
2025-12-01,3.3,26.0
2025-12-02,2.6,70.0
2025-12-03,4.4,20.0
2025-12-04,4.8,27.0
2025-12-05,3.6,32.0
2025-12-06,6.3,31.0
2025-12-07,8.9,12.0
2025-12-08,8.6,48.0
2025-12-09,5.4,37.0
2025-12-10,5.8,37.0
2025-12-11,7.3,67.0
2025-12-12,6.8,72.0
2025-12-13,4.8,16.0
2025-12-14,3.1,18.0
2025-12-15,2.3,15.0
2025-12-16,2.6,15.0
2025-12-17,4.3,46.0
2025-12-18,3.9,32.0
2025-12-19,4.6,14.0
2025-12-20,5.8,29.0
2025-12-21,4.4,16.0
2025-12-22,2.7,11.0
2025-12-23,1.3,7.0
2025-12-24,1.7,13.0
2025-12-25,1.3,15.0
2025-12-26,0.7,15.0
2025-12-27,0.1,19.0
2025-12-28,-0.1,15.0
2025-12-29,-0.2,24.0
2025-12-30,0.2,78.0
2025-12-31,-1.6,87.0
2026-01-01,-2.2,84.0
2026-01-02,2.1,53.0
2026-01-03,0.0,81.0
2026-01-04,-4.7,91.0
2026-01-05,-4.8,67.0
2026-01-06,-6.2,72.0
2026-01-07,-4.0,64.0
2026-01-08,2.0,19.0
2026-01-09,5.1,36.0
2026-01-10,1.4,20.0
2026-01-11,0.5,79.0
2026-01-12,1.6,55.0
2026-01-13,1.3,68.0
2026-01-14,2.8,90.0
2026-01-15,3.9,44.0
2026-01-16,2.2,33.0
2026-01-17,4.0,37.0
2026-01-18,1.6,17.0
2026-01-19,0.4,23.0
2026-01-20,-0.5,35.0
2026-01-21,-0.5,51.0
2026-01-22,1.5,49.0
2026-01-23,3.3,22.0
2026-01-24,2.6,48.0
2026-01-25,3.8,65.0
2026-01-26,3.5,47.0
2026-01-27,0.3,25.0
2026-01-28,2.8,20.0
2026-01-29,3.4,94.0
2026-01-30,2.3,29.0
2026-01-31,3.2,55.0
2026-02-01,3.2,40.0
2026-02-02,4.9,88.0
2026-02-03,5.1,73.0
2026-02-04,1.8,49.0
2026-02-05,2.4,42.0
2026-02-06,6.6,58.0
2026-02-07,3.4,48.0
2026-02-08,2.9,31.0
2026-02-09,3.1,44.0
2026-02-10,5.8,45.0
2026-02-11,8.5,37.0
2026-02-12,7.5,26.0
2026-02-13,6.6,118.0
2026-02-14,5.8,47.0
2026-02-15,3.8,80.0
2026-02-16,6.4,91.0
2026-02-17,4.4,45.0
2026-02-18,3.0,27.0
2026-02-19,5.2,48.0
2026-02-20,6.8,105.0
2026-02-21,6.6,35.0
2026-02-22,6.7,131.0
2026-02-23,10.9,86.0
2026-02-24,10.1,165.0
2026-02-25,6.6,163.0
2026-02-26,7.9,167.0
2026-02-27,7.7,173.0
2026-02-28,7.3,26.0
2026-03-01,6.9,180.0
2026-03-02,5.3,174.0
2026-03-03,5.6,179.0
2026-03-04,5.5,183.0
2026-03-05,5.6,158.0
2026-03-06,7.3,165.0
2026-03-07,7.5,177.0
2026-03-08,7.9,183.0
2026-03-09,7.6,189.0
2026-03-10,9.2,127.0
2026-03-11,9.9,95.0
2026-03-12,7.4,211.0
2026-03-13,8.5,180.0
2026-03-14,5.2,36.0
2026-03-15,4.2,120.0
2026-03-16,4.6,109.0
2026-03-17,6.5,220.0
2026-03-18,7.7,218.0
2026-03-19,6.8,226.0
2026-03-20,5.8,229.0
2026-03-21,6.1,196.0
2026-03-22,6.2,132.0
2026-03-23,6.7,188.0
2026-03-24,6.9,229.0
2026-03-25,6.8,135.0
2026-03-26,3.0,142.0
2026-03-27,2.3,166.0
2026-03-28,2.2,130.0
2026-03-29,4.3,157.0
2026-03-30,4.5,58.0
2026-03-31,4.8,175.0
2026-04-01,4.6,260.0
2026-04-02,5.8,260.0
2026-04-03,7.8,265.0
2026-04-04,12.1,233.0
2026-04-05,13.6,221.0
2026-04-06,13.0,257.0
2026-04-07,12.7,275.0
2026-04-08,12.7,277.0
2026-04-09,13.9,280.0
2026-04-10,14.2,218.0
2026-04-11,13.2,184.0
2026-04-12,9.6,42.0
2026-04-13,7.8,63.0
2026-04-14,8.7,153.0
2026-04-15,10.4,223.0
2026-04-16,10.6,292.0
2026-04-17,11.2,269.0
2026-04-18,13.8,300.0
2026-04-19,13.0,211.0
2026-04-20,9.6,282.0
2026-04-21,10.3,310.0
2026-04-22,10.5,311.0
2026-04-23,10.4,324.0
2026-04-24,10.6,324.0
2026-04-25,12.6,318.0
2026-04-26,12.4,312.0
2026-04-27,12.2,310.0
2026-04-28,11.8,111.0
2026-04-29,14.4,213.0
2026-04-30,13.5,299.0
2026-05-01,13.4,321.0
2026-05-02,15.8,302.0
2026-05-03,14.4,173.0
2026-05-04,11.7,90.0
2026-05-05,12.1,131.0
2026-05-06,10.2,96.0
2026-05-07,12.0,254.0
2026-05-08,13.0,309.0
2026-05-09,14.6,328.0
2026-05-10,13.5,111.0
2026-05-11,11.6,136.0
2026-05-12,9.5,295.0
2026-05-13,10.1,240.0
2026-05-14,8.0,158.0
2026-05-15,7.1,171.0
2026-05-16,7.2,212.0
2026-05-17,9.4,300.0
2026-05-18,10.4,147.0
2026-05-19,11.0,175.0
2026-05-20,15.4,309.0
2026-05-21,15.2,341.0
2026-05-22,16.9,353.0
2026-05-23,18.5,354.0
2026-05-24,19.8,358.0
2026-05-25,21.0,346.0
2026-05-26,21.2,306.0
2026-05-27,22.1,350.0
2026-05-28,21.7,354.0
2026-05-29,20.6,367.0
2026-05-30,18.9,295.0
2026-05-31,19.4,270.0
2026-06-01,18.7,347.0
